{
  "test_accuracy": 0.9955000281333923,
  "test_loss": 0.03465087711811066
}