{
  "loss": [
    2.437345027923584,
    0.5338503122329712,
    0.3683623969554901,
    0.2993587851524353,
    0.2413276880979538,
    0.2069694995880127,
    0.14352402091026306,
    0.13425429165363312,
    0.13457627594470978,
    0.10130476206541061,
    0.09569773077964783,
    0.08706336468458176,
    0.08168186992406845,
    0.08367498964071274,
    0.07883191853761673,
    0.07260360568761826
  ],
  "accuracy": [
    0.7896333336830139,
    0.9508166909217834,
    0.9661999940872192,
    0.9717333316802979,
    0.9757166504859924,
    0.9783333539962769,
    0.9841833114624023,
    0.9842666387557983,
    0.9836166501045227,
    0.9869499802589417,
    0.9870499968528748,
    0.9883666634559631,
    0.9882166385650635,
    0.9886833429336548,
    0.9883666634559631,
    0.9894833564758301
  ],
  "val_loss": [
    6.673046112060547,
    0.14776401221752167,
    0.19168032705783844,
    0.06260912865400314,
    0.06611575186252594,
    0.20553049445152283,
    0.051695361733436584,
    0.046958234161138535,
    0.05631550773978233,
    0.04093012586236,
    0.03878454118967056,
    0.03569958731532097,
    0.03465086594223976,
    0.043342530727386475,
    0.03992576152086258,
    0.034140899777412415
  ],
  "val_accuracy": [
    0.2694000005722046,
    0.9787999987602234,
    0.9793999791145325,
    0.9918000102043152,
    0.9908999800682068,
    0.9787999987602234,
    0.9939000010490417,
    0.9937000274658203,
    0.9930999875068665,
    0.994700014591217,
    0.9944999814033508,
    0.995199978351593,
    0.9955000281333923,
    0.9948999881744385,
    0.9943000078201294,
    0.995199978351593
  ]
}